Project,Categories,Price,Applications
"Дизайн сайта (нарисовать макеты в PSD, проект большой, адаптивный)",['Дизайн сайтов'],$850,52 заявки
Создание сайта под ключ,['Сайты «под ключ»'],,12 заявок
Заказ №810996,['Веб-программирование'],,15 заявок
Редизайн элементов интернет-магазина,['Дизайн сайтов'],$170,6 заявок
Переводчик,['Переводы'],$700,64 заявки
Требуется backend-разработчик на opencart,['Веб-программирование'],,3 заявки
Рерайт статей медицинской тематики,['Рерайтинг'],,49 заявок
PHP + Web-Socket разработка онлайн-чата,['Веб-программирование'],$2500,36 заявок
Ищу аниматоров в среде After Effects [0 из 2],['Анимация'],$2000,17 заявок
Доработка проекта на CodeIgniter,['Веб-программирование'],,13 заявок
Приложение Android и iOS для OTT (IPTV) сервиса,['ПО для мобильных устройств'],,12 заявок
Наполнение и развитие автомобильного форума,['Наполнение сайтов'],$200,99 заявок
Доработка приложения. Laravel,['Веб-программирование'],,11 заявок
Конструктор именных чехлов,['Веб-программирование'],,25 заявок
Копирайтер на удаленную работу,['Копирайтинг'],,209 заявок
SEO продвижение,['Поисковые системы (SEO)'],,нет заявок
Исправить проблему синхронизации сайта с 1с,['1С-программирование'],,1 заявка
Из вёрстки Less+jQuery сделать фронтэнд на Angular,['HTML-верстка'],,нет заявок
Программист веб ресурса,['Веб-программирование'],,нет заявок
Заполнение материалов сайта из Word,['Наполнение сайтов'],,2 заявки
"Дизайн сайта (нарисовать макеты в PSD, проект большой, адаптивный)",['Дизайн сайтов'],$850,52 заявки
Создание сайта под ключ,['Сайты «под ключ»'],,12 заявок
Заказ №810996,['Веб-программирование'],,15 заявок
Редизайн элементов интернет-магазина,['Дизайн сайтов'],$170,6 заявок
Переводчик,['Переводы'],$700,64 заявки
Требуется backend-разработчик на opencart,['Веб-программирование'],,3 заявки
Рерайт статей медицинской тематики,['Рерайтинг'],,49 заявок
PHP + Web-Socket разработка онлайн-чата,['Веб-программирование'],$2500,36 заявок
Ищу аниматоров в среде After Effects [0 из 2],['Анимация'],$2000,17 заявок
Доработка проекта на CodeIgniter,['Веб-программирование'],,13 заявок
Приложение Android и iOS для OTT (IPTV) сервиса,['ПО для мобильных устройств'],,12 заявок
Наполнение и развитие автомобильного форума,['Наполнение сайтов'],$200,99 заявок
Доработка приложения. Laravel,['Веб-программирование'],,11 заявок
Конструктор именных чехлов,['Веб-программирование'],,25 заявок
Копирайтер на удаленную работу,['Копирайтинг'],,209 заявок
SEO продвижение,['Поисковые системы (SEO)'],,нет заявок
Исправить проблему синхронизации сайта с 1с,['1С-программирование'],,1 заявка
Из вёрстки Less+jQuery сделать фронтэнд на Angular,['HTML-верстка'],,нет заявок
Программист веб ресурса,['Веб-программирование'],,нет заявок
Заполнение материалов сайта из Word,['Наполнение сайтов'],,2 заявки
"Дизайн сайта (нарисовать макеты в PSD, проект большой, адаптивный)",['Дизайн сайтов'],$850,52 заявки
Создание сайта под ключ,['Сайты «под ключ»'],,12 заявок
Заказ №810996,['Веб-программирование'],,15 заявок
Редизайн элементов интернет-магазина,['Дизайн сайтов'],$170,6 заявок
Переводчик,['Переводы'],$700,64 заявки
Требуется backend-разработчик на opencart,['Веб-программирование'],,3 заявки
Рерайт статей медицинской тематики,['Рерайтинг'],,49 заявок
PHP + Web-Socket разработка онлайн-чата,['Веб-программирование'],$2500,36 заявок
Ищу аниматоров в среде After Effects [0 из 2],['Анимация'],$2000,17 заявок
Доработка проекта на CodeIgniter,['Веб-программирование'],,13 заявок
Приложение Android и iOS для OTT (IPTV) сервиса,['ПО для мобильных устройств'],,12 заявок
Наполнение и развитие автомобильного форума,['Наполнение сайтов'],$200,99 заявок
Доработка приложения. Laravel,['Веб-программирование'],,11 заявок
Конструктор именных чехлов,['Веб-программирование'],,25 заявок
Копирайтер на удаленную работу,['Копирайтинг'],,209 заявок
SEO продвижение,['Поисковые системы (SEO)'],,нет заявок
Исправить проблему синхронизации сайта с 1с,['1С-программирование'],,1 заявка
Из вёрстки Less+jQuery сделать фронтэнд на Angular,['HTML-верстка'],,нет заявок
Программист веб ресурса,['Веб-программирование'],,нет заявок
Заполнение материалов сайта из Word,['Наполнение сайтов'],,2 заявки
"Дизайн сайта (нарисовать макеты в PSD, проект большой, адаптивный)",['Дизайн сайтов'],$850,52 заявки
Создание сайта под ключ,['Сайты «под ключ»'],,12 заявок
Заказ №810996,['Веб-программирование'],,15 заявок
Редизайн элементов интернет-магазина,['Дизайн сайтов'],$170,6 заявок
Переводчик,['Переводы'],$700,64 заявки
Требуется backend-разработчик на opencart,['Веб-программирование'],,3 заявки
Рерайт статей медицинской тематики,['Рерайтинг'],,49 заявок
PHP + Web-Socket разработка онлайн-чата,['Веб-программирование'],$2500,36 заявок
Ищу аниматоров в среде After Effects [0 из 2],['Анимация'],$2000,17 заявок
Доработка проекта на CodeIgniter,['Веб-программирование'],,13 заявок
Приложение Android и iOS для OTT (IPTV) сервиса,['ПО для мобильных устройств'],,12 заявок
Наполнение и развитие автомобильного форума,['Наполнение сайтов'],$200,99 заявок
Доработка приложения. Laravel,['Веб-программирование'],,11 заявок
Конструктор именных чехлов,['Веб-программирование'],,25 заявок
Копирайтер на удаленную работу,['Копирайтинг'],,209 заявок
SEO продвижение,['Поисковые системы (SEO)'],,нет заявок
Исправить проблему синхронизации сайта с 1с,['1С-программирование'],,1 заявка
Из вёрстки Less+jQuery сделать фронтэнд на Angular,['HTML-верстка'],,нет заявок
Программист веб ресурса,['Веб-программирование'],,нет заявок
Заполнение материалов сайта из Word,['Наполнение сайтов'],,2 заявки
